-- ============================================================
-- SEED — Torneio Escada EMTP 2026
-- ============================================================

-- Torneio
insert into tournaments (id, name, season, status, starts_at, ends_at, final_dates)
values (
  '00000000-0000-0000-0000-000000000001',
  'Torneio Escada EMTP',
  '2026',
  'active',
  '2026-04-01',
  '2026-07-17',
  '18 e 19 de julho de 2026 (a confirmar)'
) on conflict (id) do nothing;

-- Categorias
insert into categories (id, tournament_id, code, name, sort_order) values
  ('10000000-0000-0000-0000-000000000001', '00000000-0000-0000-0000-000000000001', 'M3',  'Masculino 3.ª',    1),
  ('10000000-0000-0000-0000-000000000002', '00000000-0000-0000-0000-000000000001', 'M4',  'Masculino 4.ª',    2),
  ('10000000-0000-0000-0000-000000000003', '00000000-0000-0000-0000-000000000001', 'M5',  'Masculino 5.ª',    3),
  ('10000000-0000-0000-0000-000000000004', '00000000-0000-0000-0000-000000000001', 'F54', 'Feminino 5.ª/4.ª', 4),
  ('10000000-0000-0000-0000-000000000005', '00000000-0000-0000-0000-000000000001', 'MX',  'Misto',            5)
on conflict (id) do nothing;

-- Campos do Parque Desportivo Municipal de Oliveira do Bairro
insert into courts (id, tournament_id, name, active) values
  ('20000000-0000-0000-0000-000000000001', '00000000-0000-0000-0000-000000000001', 'Campo 1', true),
  ('20000000-0000-0000-0000-000000000002', '00000000-0000-0000-0000-000000000001', 'Campo 2', true)
on conflict (id) do nothing;

-- ============================================================
-- EQUIPAS M5 (9 duplas)
-- ============================================================

insert into teams (id, tournament_id, category_id, name, player1_name, player1_email, player2_name, player2_email) values
  ('30000000-0000-0000-0000-000000000301', '00000000-0000-0000-0000-000000000001', '10000000-0000-0000-0000-000000000003',
   'Sucena / Carvalho', 'Salvador Sucena', 'salvador.sucena@emtp.local', 'Rubim Carvalho', 'rubim.carvalho@emtp.local'),

  ('30000000-0000-0000-0000-000000000302', '00000000-0000-0000-0000-000000000001', '10000000-0000-0000-0000-000000000003',
   'Marques / Ferreira', 'António Marques', 'antonio.marques@emtp.local', 'Marco Ferreira', 'marco.ferreira@emtp.local'),

  ('30000000-0000-0000-0000-000000000303', '00000000-0000-0000-0000-000000000001', '10000000-0000-0000-0000-000000000003',
   'J.P. Pereira / P. Pereira', 'José Pedro Pereira', 'jp.pereira@emtp.local', 'Paulo Pereira', 'paulo.pereira@emtp.local'),

  ('30000000-0000-0000-0000-000000000304', '00000000-0000-0000-0000-000000000001', '10000000-0000-0000-0000-000000000003',
   'Simões / Francisco', 'Bruno Simões', 'bruno.simoes.m5@emtp.local', 'Francisco', 'francisco.m5@emtp.local'),

  ('30000000-0000-0000-0000-000000000305', '00000000-0000-0000-0000-000000000001', '10000000-0000-0000-0000-000000000003',
   'R. Sucena / Almeida', 'Rodrigo Sucena', 'rodrigo.sucena@emtp.local', 'Simão Almeida', 'simao.almeida@emtp.local'),

  ('30000000-0000-0000-0000-000000000306', '00000000-0000-0000-0000-000000000001', '10000000-0000-0000-0000-000000000003',
   'Alves / Vasco', 'Abílio Alves', 'abilio.alves@emtp.local', 'Vasco', 'vasco.m5@emtp.local'),

  ('30000000-0000-0000-0000-000000000307', '00000000-0000-0000-0000-000000000001', '10000000-0000-0000-0000-000000000003',
   'N. Silva / Catarino', 'Nuno Silva', 'nuno.silva.m5@emtp.local', 'André Catarino', 'andre.catarino@emtp.local'),

  ('30000000-0000-0000-0000-000000000308', '00000000-0000-0000-0000-000000000001', '10000000-0000-0000-0000-000000000003',
   'G. Silva / Soares', 'Guilherme Silva', 'guilherme.silva.m5@emtp.local', 'Rui Soares', 'rui.soares@emtp.local'),

  ('30000000-0000-0000-0000-000000000309', '00000000-0000-0000-0000-000000000001', '10000000-0000-0000-0000-000000000003',
   'Seabra / Bouça', 'João Seabra', 'joao.seabra@emtp.local', 'David Bouça', 'david.bouca@emtp.local')
on conflict (id) do nothing;

-- ============================================================
-- RANKINGS M5
-- ============================================================

insert into rankings (tournament_id, category_id, team_id, position) values
  ('00000000-0000-0000-0000-000000000001', '10000000-0000-0000-0000-000000000003', '30000000-0000-0000-0000-000000000301', 1),
  ('00000000-0000-0000-0000-000000000001', '10000000-0000-0000-0000-000000000003', '30000000-0000-0000-0000-000000000302', 2),
  ('00000000-0000-0000-0000-000000000001', '10000000-0000-0000-0000-000000000003', '30000000-0000-0000-0000-000000000303', 3),
  ('00000000-0000-0000-0000-000000000001', '10000000-0000-0000-0000-000000000003', '30000000-0000-0000-0000-000000000304', 4),
  ('00000000-0000-0000-0000-000000000001', '10000000-0000-0000-0000-000000000003', '30000000-0000-0000-0000-000000000305', 5),
  ('00000000-0000-0000-0000-000000000001', '10000000-0000-0000-0000-000000000003', '30000000-0000-0000-0000-000000000306', 6),
  ('00000000-0000-0000-0000-000000000001', '10000000-0000-0000-0000-000000000003', '30000000-0000-0000-0000-000000000307', 7),
  ('00000000-0000-0000-0000-000000000001', '10000000-0000-0000-0000-000000000003', '30000000-0000-0000-0000-000000000308', 8),
  ('00000000-0000-0000-0000-000000000001', '10000000-0000-0000-0000-000000000003', '30000000-0000-0000-0000-000000000309', 9)
on conflict (category_id, team_id) do nothing;

-- ============================================================
-- EQUIPAS MX (6 duplas)
-- ============================================================

insert into teams (id, tournament_id, category_id, name, player1_name, player1_email, player2_name, player2_email) values
  ('30000000-0000-0000-0000-000000000501', '00000000-0000-0000-0000-000000000001', '10000000-0000-0000-0000-000000000005',
   'R. Coelho / D. Soares', 'Rafaela Coelho', 'rafaela.coelho@emtp.local', 'Diogo Soares', 'diogo.soares.mx@emtp.local'),

  ('30000000-0000-0000-0000-000000000502', '00000000-0000-0000-0000-000000000001', '10000000-0000-0000-0000-000000000005',
   'B. Simões / Maria João', 'Bruno Simões', 'bruno.simoes.mx@emtp.local', 'Maria João', 'maria.joao@emtp.local'),

  ('30000000-0000-0000-0000-000000000503', '00000000-0000-0000-0000-000000000001', '10000000-0000-0000-0000-000000000005',
   'Pestana / Naomy', 'Paulo Pestana', 'paulo.pestana@emtp.local', 'Naomy', 'naomy.mx@emtp.local'),

  ('30000000-0000-0000-0000-000000000504', '00000000-0000-0000-0000-000000000001', '10000000-0000-0000-0000-000000000005',
   'E. Rodrigues / Cristina', 'Emanuel Rodrigues', 'emanuel.rodrigues@emtp.local', 'Cristina', 'cristina.mx@emtp.local'),

  ('30000000-0000-0000-0000-000000000505', '00000000-0000-0000-0000-000000000001', '10000000-0000-0000-0000-000000000005',
   'Alcobia / M. Graça', 'Tatiana Alcobia', 'tatiana.alcobia@emtp.local', 'Mário Graça', 'mario.graca@emtp.local'),

  ('30000000-0000-0000-0000-000000000506', '00000000-0000-0000-0000-000000000001', '10000000-0000-0000-0000-000000000005',
   'D. Miguel / Daniel', 'Daniela Miguel', 'daniela.miguel@emtp.local', 'Daniel', 'daniel.mx@emtp.local')
on conflict (id) do nothing;

-- ============================================================
-- RANKINGS MX
-- ============================================================

insert into rankings (tournament_id, category_id, team_id, position) values
  ('00000000-0000-0000-0000-000000000001', '10000000-0000-0000-0000-000000000005', '30000000-0000-0000-0000-000000000501', 1),
  ('00000000-0000-0000-0000-000000000001', '10000000-0000-0000-0000-000000000005', '30000000-0000-0000-0000-000000000502', 2),
  ('00000000-0000-0000-0000-000000000001', '10000000-0000-0000-0000-000000000005', '30000000-0000-0000-0000-000000000503', 3),
  ('00000000-0000-0000-0000-000000000001', '10000000-0000-0000-0000-000000000005', '30000000-0000-0000-0000-000000000504', 4),
  ('00000000-0000-0000-0000-000000000001', '10000000-0000-0000-0000-000000000005', '30000000-0000-0000-0000-000000000505', 5),
  ('00000000-0000-0000-0000-000000000001', '10000000-0000-0000-0000-000000000005', '30000000-0000-0000-0000-000000000506', 6)
on conflict (category_id, team_id) do nothing;

-- ============================================================
-- EQUIPAS F5/4 (4 duplas)
-- ============================================================

insert into teams (id, tournament_id, category_id, name, player1_name, player1_email, player2_name, player2_email) values
  ('30000000-0000-0000-0000-000000000401', '00000000-0000-0000-0000-000000000001', '10000000-0000-0000-0000-000000000004',
   'Tatiana / Dina', 'Tatiana', 'tatiana.f5@emtp.local', 'Dina', 'dina.f5@emtp.local'),

  ('30000000-0000-0000-0000-000000000402', '00000000-0000-0000-0000-000000000001', '10000000-0000-0000-0000-000000000004',
   'Naomy / Fátima', 'Naomy', 'naomy.f5@emtp.local', 'Fátima', 'fatima.f5@emtp.local'),

  ('30000000-0000-0000-0000-000000000403', '00000000-0000-0000-0000-000000000001', '10000000-0000-0000-0000-000000000004',
   'Luisa / Francisca', 'Luisa', 'luisa.f5@emtp.local', 'Francisca', 'francisca.f5@emtp.local'),

  ('30000000-0000-0000-0000-000000000404', '00000000-0000-0000-0000-000000000001', '10000000-0000-0000-0000-000000000004',
   'Campos / Moreira', 'Adriana Campos', 'adriana.campos@emtp.local', 'Vera Moreira', 'vera.moreira@emtp.local')
on conflict (id) do nothing;

-- ============================================================
-- RANKINGS F5/4
-- ============================================================

insert into rankings (tournament_id, category_id, team_id, position) values
  ('00000000-0000-0000-0000-000000000001', '10000000-0000-0000-0000-000000000004', '30000000-0000-0000-0000-000000000401', 1),
  ('00000000-0000-0000-0000-000000000001', '10000000-0000-0000-0000-000000000004', '30000000-0000-0000-0000-000000000402', 2),
  ('00000000-0000-0000-0000-000000000001', '10000000-0000-0000-0000-000000000004', '30000000-0000-0000-0000-000000000403', 3),
  ('00000000-0000-0000-0000-000000000001', '10000000-0000-0000-0000-000000000004', '30000000-0000-0000-0000-000000000404', 4)
on conflict (category_id, team_id) do nothing;

-- ============================================================
-- EQUIPAS M4 (5 duplas)
-- ============================================================

insert into teams (id, tournament_id, category_id, name, player1_name, player1_email, player2_name, player2_email) values
  ('30000000-0000-0000-0000-000000000201', '00000000-0000-0000-0000-000000000001', '10000000-0000-0000-0000-000000000002',
   'Vilarinho / D. Santos', 'Nuno Vilarinho', 'nuno.vilarinho@emtp.local', 'Daniel Santos', 'daniel.santos@emtp.local'),

  ('30000000-0000-0000-0000-000000000202', '00000000-0000-0000-0000-000000000001', '10000000-0000-0000-0000-000000000002',
   'Rainho / D. Soares', 'Nuno Rainho', 'nuno.rainho@emtp.local', 'Diogo Soares', 'diogo.soares.m4@emtp.local'),

  ('30000000-0000-0000-0000-000000000203', '00000000-0000-0000-0000-000000000001', '10000000-0000-0000-0000-000000000002',
   'Roque / Duarte', 'Gonçalo Roque', 'goncalo.roque@emtp.local', 'João Duarte', 'joao.duarte@emtp.local'),

  ('30000000-0000-0000-0000-000000000204', '00000000-0000-0000-0000-000000000001', '10000000-0000-0000-0000-000000000002',
   'Gravato / Emanuel', 'João Gravato', 'joao.gravato@emtp.local', 'Emanuel', 'emanuel.m4@emtp.local'),

  ('30000000-0000-0000-0000-000000000205', '00000000-0000-0000-0000-000000000001', '10000000-0000-0000-0000-000000000002',
   'J. Martins / G. Silva', 'João Martins', 'joao.martins.m4@emtp.local', 'Guilherme Silva', 'guilherme.silva.m4@emtp.local')
on conflict (id) do nothing;

-- ============================================================
-- RANKINGS M4
-- ============================================================

insert into rankings (tournament_id, category_id, team_id, position) values
  ('00000000-0000-0000-0000-000000000001', '10000000-0000-0000-0000-000000000002', '30000000-0000-0000-0000-000000000201', 1),
  ('00000000-0000-0000-0000-000000000001', '10000000-0000-0000-0000-000000000002', '30000000-0000-0000-0000-000000000202', 2),
  ('00000000-0000-0000-0000-000000000001', '10000000-0000-0000-0000-000000000002', '30000000-0000-0000-0000-000000000203', 3),
  ('00000000-0000-0000-0000-000000000001', '10000000-0000-0000-0000-000000000002', '30000000-0000-0000-0000-000000000204', 4),
  ('00000000-0000-0000-0000-000000000001', '10000000-0000-0000-0000-000000000002', '30000000-0000-0000-0000-000000000205', 5)
on conflict (category_id, team_id) do nothing;
